shirakami_fubuki,hololive,UCdn5BQ06XqgXoAxIhbqw5Rg
tokino_sora,hololive,UCp6993wxpyDPHUpavwDFqgg
haachama,hololive,UC1CfXB_kRs3C-zaeTG3oGyg
natsuiro_matsuri,hololive,UCQ0UDLQCjY0rmuxCDE38FGg
minato_aqua,hololive,UC1opHUrw8rvnsadT-iGp7Cg
oozora_subaru,hololive,UCvzGlP9oQwU--Y0r9id_jnA
inugami_korone,hololive,UChAnqc_AY5_I3Px5dig3X1Q
ookami_mio,hololive,UCp-5t9SrOQwXMU7iIjQfARg
nekomata_okayu,hololive,UCvaTdHTWBGv3MKj3KVqJVCw
hoshimachi_suisei,hololive,UC5CwaMl1eIgY8h02uZw7u8A
uruha_rushia,hololive,UCl_gCybOJRIgOXw6Qb4qJzQ
usada_pekora,hololive,UC1DCedRgGHBdm81E1llLhOQ
houshou_marine,hololive,UCCzUftO8KOVkV4wQG1vkUvg
shirogane_noel,hololive,UCdyqAaZDKHXg4Ahi7VENThQ
tsunomaki_watame,hololive,UCqm3BQLlJfvkTsX_hvm0UmA
kiryu_coco,hololive,UCS9uQI-jC3DE0L4IpXyvr6w
amane_kanata,hololive,UCZlDXzGoo7d44bwdNObFacg
momosuzu_nene,hololive,UCAWSyEs_Io8MtpY3m-zqILA
shishiro_botan,hololive,UCUKD-uaobj9jiqB-VXt71mA
tokoyami_towa,hololive,UC1uv2Oq6kNxgATlCiez59hw
hoshinova_moona,hololive_id,UCP0BspO_AMEe3aQqqpo89Dg
ayunda_risu,hololive_id,UCOyYb1c43VlX9rc_lT6NKQw
airani_iofifteen,hololive_id,UCAoy6rzhSf4ydcYjJw3WoVg
pavolia_reine,hololive_id,UChgTyjG-pdNvxxhdsXfHQ5Q
kureiji_ollie,hololive_id,UCYz_5n-uDuChHtLo7My1HnQ
anya_melfissa,hololive_id,UC727SQYUvx5pDDGQpTICNWg
gawr_gura,hololive_en,UCoSrY_IQQVpmIRZ9Xf-y93g
takanashi_kiara,hololive_en,UCHsx4Hqa-1ORjQTh9TYDhww
mori_calliope,hololive_en,UCL_qhgtOy0dy1Agp8vkySQg
ninomae_inanis,hololive_en,UCMwGHR0BTZuLsmjY_NT5Pwg
watson_amelia,hololive_en,UCyl1z3jo3XHR1riLFKG5UAg
pochimaru,independent,UC22BVlBsZc6ta3Dqz75NU6Q
inuyama_tamaki,independent,UC8NZiqKx6fsDT3AVcMiVFyA
suzuhara_lulu,nijisanji,UC_a1ZYZ8ZTXpjg9xUY9sj8w
kizuna_ai,independent,UC4YaOt1yT-ZeyB0OmxHgolA
yuzuki_roa,nijisanji,UCCVwhI5trmaSxfcze_Ovzfw
inui_toko,nijisanji,UCXRlIK3Cw_TJIQC5kSJJQMg
ars_almal,nijisanji,UCdpUojq0KWZCN9bxXnZwz5w
rindou_mikoto,nijisanji,UCPvGypSgfDkVe7JG2KygK7A
honma_himawari,nijisanji,UC0g1AE0DOjBYnLhkgoRWN1w
tsukino_mito,nijisanji,UCD-miitqNY3nyukJ4Fnf4_A
makaino_ririmu,nijisanji,UC9EjSJ8pvxtvPdxLOElv73w
takamiya_rion,nijisanji,UCV5ZZlLjk5MKGg3L0n0vbzw
lize_helesta,nijisanji,UCZ1xuCK1kNmn5RzPYIZop3w
amano_pikamee,voms,UCajhBT4nMrg3DLS-bLL2RCg
tomoshika_hikasa,voms,UC3vzVK_N_SUVKqbX69L_X4g
deisu_aruran,holostars,UCKeAhJvy8zgXWbh9duVjIaQ
yukoku_roberu,holostars,UCANDOlYTJT7N5jlRC3zfzVA
kageyama_shien,holostars,UChSvpZYRPh0FvG4SJGSga3g
peanut_kun,independent,UCmgWMQkenFc72QnYkdxdoKA
